rank,rank_score,value_score,quality_score,liquidity_score,upside_score,zone_percentile,source,source_id,title,zone,municipality,department,area_m2,area_display,price_usd,price_per_m2,is_beachfront,has_paved_access,is_repriced,days_listed,photos_count,url,rank_reasons_short
1,86.25,100.0,85,85,65,0.0,bienesraices,2296,Terreno de 4.6 Manzanas en El Zonte | Oportunidad de Inversión en Surf City,el-zonte,Chiltiupán,La Libertad,32276.42,"4.62 manzanas (32,276 m²)",3232740.0,100.16,False,False,False,,0,https://bienesraicesenelsalvador.com/propiedad/terreno-de-46-manzanas-en-el-zonte-oportunidad-de-inversion-en-surf-cit-2296,"value 100 ($100.16/m² = 0th pct of el-zonte land, 6 comps) | quality 85 (tier-A 85) | liquidity 85 (zone-base 85) | upside 65 (zone-upside 65) | weights V0.35 Q0.25 L0.20 U0.20 → 86.2"
2,86.25,100.0,85,90,60,0.0,remax,001461165132,LOT #5 FOR SALE - NEAR EL TUNCO,el-tunco,Tamanique,La Libertad,1263.59,"1,264 m² (1,808 vrs²)",60000.0,47.48,False,False,False,,0,https://www.remax-elsalvador.com/001461165132,"value 100 ($47.48/m² = 0th pct of el-tunco land, 9 comps) | quality 85 (tier-A 85) | liquidity 90 (zone-base 90) | upside 60 (zone-upside 60) | weights V0.35 Q0.25 L0.20 U0.20 → 86.2"
3,83.45,100.0,65,68,93,0.0,bienesraices,2302,"Finca de 10 Manzanas en Tacuba | Con Río, Casa Patronal y Acceso Pavimentado",las-flores,Intipucá,La Unión,69889.6,10.00 manzanas (17.3 acres),160000.0,2.29,False,False,False,,0,https://bienesraicesenelsalvador.com/propiedad/finca-de-10-manzanas-en-tacuba-con-rio-casa-patronal-y-acceso-pavimentado-2302,"value 100 ($2.29/m² = 0th pct of las-flores land, 4 comps) | quality 65 (tier-B 65) | liquidity 68 (zone-base 68) | upside 93 (zone-upside 88, scale +5 (subdividable in growth zone)) | weights V0.35 Q0.25 L0.20 U0.20 → 83.5"
4,82.36,88.9,85,90,60,11.1,bienesraices,2299,"Terreno de 1,055 v² en Complejo Privado Atami | La Libertad, El Salvador",el-tunco,Tamanique,La Libertad,737.34,"737 m² (1,055 vrs²)",125000.0,169.53,False,False,False,,0,https://bienesraicesenelsalvador.com/propiedad/terreno-de-1055-v2-en-complejo-privado-atami-la-libertad-el-salvador-2299,"value 89 ($169.53/m² = 11th pct of el-tunco land, 9 comps) | quality 85 (tier-A 85) | liquidity 90 (zone-base 90) | upside 60 (zone-upside 60) | weights V0.35 Q0.25 L0.20 U0.20 → 82.4"
5,80.67,83.3,98,65,70,16.7,oceanside,11041,Your Dream Property Awaits in El Zonte,el-zonte,Chiltiupán,La Libertad,1171.53,"1,172 m² (1,676 vrs²)",175000.0,149.38,True,False,False,261,1,https://oceansideelsalvador.com/rental-details/your-dream-property-awaits-in-el-zonte/,"value 83 ($149.38/m² = 16th pct of el-zonte land, 6 comps) | quality 98 (tier-A 85, beachfront +10, power +3) | liquidity 65 (zone-base 85, DOM 261d -20) | upside 70 (zone-upside 65, beachfront +5) | weights V0.35 Q0.25 L0.20 U0.20 → 80.7"
6,79.65,100.0,65,72,70,0.0,bienesraices,2306,"Venta de 30 Manzanas de Tierra Agrícola en San Matías, La Libertad | Con Río Propio",la-libertad,La Libertad,La Libertad,209668.8,30.00 manzanas (51.8 acres),225000.0,1.07,False,False,False,,0,https://bienesraicesenelsalvador.com/propiedad/venta-de-30-manzanas-de-tierra-agricola-en-san-matias-la-libertad-con-rio-propio-2306,"value 100 ($1.07/m² = 0th pct of la-libertad land, 15 comps) | quality 65 (tier-B 65) | liquidity 72 (zone-base 72) | upside 70 (zone-upside 70) | weights V0.35 Q0.25 L0.20 U0.20 → 79.7"
7,78.47,77.8,85,90,60,22.2,bienesraices,2341,"Venta de Terreno de 1,000 v² en Condominio Canarias | Zona Surf City, La Libertad",el-tunco,Tamanique,La Libertad,698.9,"699 m² (1,000 vrs²)",140000.0,200.32,False,False,False,,0,https://bienesraicesenelsalvador.com/propiedad/venta-de-terreno-de-1000-v2-en-condominio-canarias-zona-surf-city-la-libertad-2341,"value 78 ($200.32/m² = 22th pct of el-tunco land, 9 comps) | quality 85 (tier-A 85) | liquidity 90 (zone-base 90) | upside 60 (zone-upside 60) | weights V0.35 Q0.25 L0.20 U0.20 → 78.5"
8,77.32,93.3,65,72,70,6.7,bienesraices,2313,88 Manzanas en Venta en Quezaltepeque | Ideal para Proyecto Industrial o Energía Solar,la-libertad,La Libertad,La Libertad,615028.48,88.00 manzanas (152.0 acres),1672000.0,2.72,False,False,False,,0,https://bienesraicesenelsalvador.com/propiedad/88-manzanas-en-venta-en-quezaltepeque-ideal-para-proyecto-industrial-o-energia-solar-2313,"value 93 ($2.72/m² = 6th pct of la-libertad land, 15 comps) | quality 65 (tier-B 65) | liquidity 72 (zone-base 72) | upside 70 (zone-upside 70) | weights V0.35 Q0.25 L0.20 U0.20 → 77.3"
9,74.98,86.7,65,72,70,13.3,remax,001462660068,104 BLOCKS OF LAND FOR LOTIFICATION SAN DIEGO LA LIBERTAD COSTA,la-libertad,La Libertad,La Libertad,732163.45,104.76 manzanas (180.9 acres),3142800.0,4.29,False,False,False,,0,https://www.remax-elsalvador.com/001462660068,"value 87 ($4.29/m² = 13th pct of la-libertad land, 15 comps) | quality 65 (tier-B 65) | liquidity 72 (zone-base 72) | upside 70 (zone-upside 70) | weights V0.35 Q0.25 L0.20 U0.20 → 75.0"
10,74.7,75.0,65,68,93,25.0,bienesraices,2324,Venta de Finca de Café en Ataco: 10 Manzanas con Vista al Océano,las-flores,Intipucá,La Unión,69889.6,10.00 manzanas (17.3 acres),750000.0,10.73,False,False,False,,0,https://bienesraicesenelsalvador.com/propiedad/venta-de-finca-de-cafe-en-ataco-10-manzanas-con-vista-al-oceano-2324,"value 75 ($10.73/m² = 25th pct of las-flores land, 4 comps) | quality 65 (tier-B 65) | liquidity 68 (zone-base 68) | upside 93 (zone-upside 88, scale +5 (subdividable in growth zone)) | weights V0.35 Q0.25 L0.20 U0.20 → 74.7"
11,74.58,66.7,85,90,60,33.3,goodlife,lots-available-at-las-luces-community,Las Luces Gated Community (Lots Available in the 6th Phase),el-tunco,Tamanique,La Libertad,628.0,628 m² (899 vrs²),130000.0,207.01,False,False,False,,0,https://goodlifeelsalvador.com/property-item/lots-available-at-las-luces-community/,"value 67 ($207.01/m² = 33th pct of el-tunco land, 9 comps) | quality 85 (tier-A 85) | liquidity 90 (zone-base 90) | upside 60 (zone-upside 60) | weights V0.35 Q0.25 L0.20 U0.20 → 74.6"
12,74.58,66.7,85,85,65,33.3,goodlife,land-in-el-zonte-bitcoin-beach,Land in El Zonte (Bitcoin Beach),el-zonte,Chiltiupán,La Libertad,1701.54,"1,702 m² (2,435 vrs²)",265000.0,155.74,False,False,False,,0,https://goodlifeelsalvador.com/property-item/land-in-el-zonte-bitcoin-beach/,"value 67 ($155.74/m² = 33th pct of el-zonte land, 6 comps) | quality 85 (tier-A 85) | liquidity 85 (zone-base 85) | upside 65 (zone-upside 65) | weights V0.35 Q0.25 L0.20 U0.20 → 74.6"
13,72.65,80.0,65,72,70,20.0,bienesraices,2342,Finca de Café con Cabaña en Venta en Jayaque | Vista Espectacular y Potencial Urbano,la-libertad,La Libertad,La Libertad,27256.94,"3.90 manzanas (27,257 m²)",298000.0,10.93,False,False,False,,0,https://bienesraicesenelsalvador.com/propiedad/finca-de-cafe-con-cabana-en-venta-en-jayaque-vista-espectacular-y-potencial-urbano-2342,"value 80 ($10.93/m² = 20th pct of la-libertad land, 15 comps) | quality 65 (tier-B 65) | liquidity 72 (zone-base 72) | upside 70 (zone-upside 70) | weights V0.35 Q0.25 L0.20 U0.20 → 72.7"
14,70.32,73.3,65,72,70,26.7,bienesraices,2343,Venta de Terreno de 3 Manzanas en San José Villanueva | Ideal para Desarrollo Urbanístico,la-libertad,La Libertad,La Libertad,20966.88,"3.00 manzanas (20,967 m²)",330000.0,15.74,False,False,False,,0,https://bienesraicesenelsalvador.com/propiedad/venta-de-terreno-de-3-manzanas-en-san-jose-villanueva-ideal-para-desarrollo-urbanistico-2343,"value 73 ($15.74/m² = 26th pct of la-libertad land, 15 comps) | quality 65 (tier-B 65) | liquidity 72 (zone-base 72) | upside 70 (zone-upside 70) | weights V0.35 Q0.25 L0.20 U0.20 → 70.3"
15,68.75,50.0,85,85,65,50.0,goodlife,vacant-lot-in-mizata-el-salvador,"1014.41 m2 of Land in Mizata, $195,000",el-zonte,Chiltiupán,La Libertad,1014.41,"1,014 m² (1,451 vrs²)",195000.0,192.23,False,False,False,,0,https://goodlifeelsalvador.com/property-item/vacant-lot-in-mizata-el-salvador/,"value 50 ($192.23/m² = 50th pct of el-zonte land, 6 comps) | quality 85 (tier-A 85) | liquidity 85 (zone-base 85) | upside 65 (zone-upside 65) | weights V0.35 Q0.25 L0.20 U0.20 → 68.8"
16,68.45,50.0,75,68,93,50.0,oceanside,12809,Oceanfront Paradise at Playa Corral de Mulas,las-flores,Intipucá,La Unión,11760.0,"1.68 manzanas (11,760 m²)",299000.0,25.43,True,False,False,25,1,https://oceansideelsalvador.com/rental-details/oceanfront-paradise-at-playa-corral-de-mulas/,"value 50 ($25.43/m² = 50th pct of las-flores land, 4 comps) | quality 75 (tier-B 65, beachfront +10) | liquidity 68 (zone-base 68) | upside 93 (zone-upside 88, beachfront +5) | weights V0.35 Q0.25 L0.20 U0.20 → 68.5"
17,67.98,66.7,65,72,70,33.3,century21,935694,"Gran oportunidad de inversión en la zona costera con mayor crecimiento turístico, La Libertad",la-libertad,La Libertad,La Libertad,464121.31,66.41 manzanas (114.7 acres),9000000.0,19.39,False,False,False,,0,https://www.century21elsalvador.com/propiedad/935694_gran-oportunidad-de-inversion-en-la-zona-costera-con-mayor-crecimiento-turistico-la-libertad/oficina_4942-century-21-el-salvador_local,"value 67 ($19.39/m² = 33th pct of la-libertad land, 15 comps) | quality 65 (tier-B 65) | liquidity 72 (zone-base 72) | upside 70 (zone-upside 70) | weights V0.35 Q0.25 L0.20 U0.20 → 68.0"
18,67.81,44.4,85,95,60,55.6,oceanside,13536,CERROMAR stage 3 lot #2,el-tunco,Tamanique,La Libertad,1076.9,"1,077 m² (1,541 vrs²)",246603.0,228.99,False,False,False,3,1,https://oceansideelsalvador.com/rental-details/cerromar-stage-3-lot-2/,"value 44 ($228.99/m² = 55th pct of el-tunco land, 9 comps) | quality 85 (tier-A 85) | liquidity 95 (zone-base 90, DOM 3d +5 fresh) | upside 60 (zone-upside 60) | weights V0.35 Q0.25 L0.20 U0.20 → 67.8"
19,67.44,55.6,88,70,60,44.4,oceanside,12955,Ocean-view property in El Majahual,el-tunco,Tamanique,La Libertad,1397.85,"1,398 m² (2,000 vrs²)",299000.0,213.9,False,False,False,186,1,https://oceansideelsalvador.com/rental-details/ocean-view-property-in-el-majahual/,"value 56 ($213.90/m² = 44th pct of el-tunco land, 9 comps) | quality 88 (tier-A 85, power +3) | liquidity 70 (zone-base 90, DOM 186d -20) | upside 60 (zone-upside 60) | weights V0.35 Q0.25 L0.20 U0.20 → 67.4"
20,65.65,60.0,65,72,70,40.0,bienesraices,2315,Terreno de 4.5 Manzanas en Venta o Alquiler | Carretera a Surf City y Puerto de La Libertad,la-libertad,La Libertad,La Libertad,31450.32,"4.50 manzanas (31,450 m²)",1500000.0,47.69,False,False,False,,0,https://bienesraicesenelsalvador.com/propiedad/terreno-de-45-manzanas-en-venta-o-alquiler-carretera-a-surf-city-y-puerto-de-la-libertad-2315,"value 60 ($47.69/m² = 40th pct of la-libertad land, 15 comps) | quality 65 (tier-B 65) | liquidity 72 (zone-base 72) | upside 70 (zone-upside 70) | weights V0.35 Q0.25 L0.20 U0.20 → 65.7"
21,64.5,35.0,85,90,65,,oceanside,13733,LAND CLOSE TO TUNNEL 2,el-zonte,Chiltiupán,La Libertad,3322.62,"3,323 m² (4,754 vrs²)",,,False,False,False,3,1,https://oceansideelsalvador.com/rental-details/land-close-to-tunnel-2/,"value 35 (no $/m²) | quality 85 (tier-A 85) | liquidity 90 (zone-base 85, DOM 3d +5 fresh) | upside 65 (zone-upside 65) | weights V0.35 Q0.25 L0.20 U0.20 → 64.5"
22,63.75,35.0,98,70,65,,oceanside,11000,BEAUTIFUL OCEAN VIEW LOT IN CERROMAR,el-tunco,Tamanique,La Libertad,761.64,"762 m² (1,090 vrs²)",,,True,False,False,261,1,https://oceansideelsalvador.com/rental-details/beautiful-ocean-view-lot-in-cerromar/,"value 35 (no $/m²) | quality 98 (tier-A 85, beachfront +10, power +3) | liquidity 70 (zone-base 90, DOM 261d -20) | upside 65 (zone-upside 60, beachfront +5) | weights V0.35 Q0.25 L0.20 U0.20 → 63.8"
23,63.5,35.0,85,90,60,,oceanside,13290,Atami Lot steps from the Palmarcito Beach,el-tunco,Tamanique,La Libertad,597.0,597 m² (854 vrs²),,,False,False,False,44,1,https://oceansideelsalvador.com/rental-details/atami-lot-steps-from-the-palmarcito-beach/,value 35 (no $/m²) | quality 85 (tier-A 85) | liquidity 90 (zone-base 90) | upside 60 (zone-upside 60) | weights V0.35 Q0.25 L0.20 U0.20 → 63.5
24,63.32,53.3,65,72,70,46.7,century21,893495,Terrenos Premium en venta con impresionante vista en Santa Tecla,la-libertad,La Libertad,La Libertad,7000.0,"1.00 manzanas (7,000 m²)",390000.0,55.71,False,False,False,,0,https://www.century21elsalvador.com/propiedad/893495_terrenos-premium-en-venta-con-impresionante-vista-en-santa-tecla/oficina_4942-century-21-el-salvador_local,"value 53 ($55.71/m² = 46th pct of la-libertad land, 15 comps) | quality 65 (tier-B 65) | liquidity 72 (zone-base 72) | upside 70 (zone-upside 70) | weights V0.35 Q0.25 L0.20 U0.20 → 63.3"
25,62.92,33.3,85,85,65,66.7,goodlife,apartments-in-el-zonte,Cliffside apartments in El Zonte,el-zonte,Chiltiupán,La Libertad,3494.0,"3,494 m² (4,999 vrs²)",1200000.0,343.45,False,False,False,,0,https://goodlifeelsalvador.com/property-item/apartments-in-el-zonte/,"value 33 ($343.45/m² = 66th pct of el-zonte land, 6 comps) | quality 85 (tier-A 85) | liquidity 85 (zone-base 85) | upside 65 (zone-upside 65) | weights V0.35 Q0.25 L0.20 U0.20 → 62.9"
26,62.92,33.3,85,90,60,66.7,oceanside,13544,CERROMAR stage 3 lot #3,el-tunco,Tamanique,La Libertad,859.1,"859 m² (1,229 vrs²)",196742.0,229.01,False,False,False,51,1,https://oceansideelsalvador.com/rental-details/cerromar-stage-3-lot-3/,"value 33 ($229.01/m² = 66th pct of el-tunco land, 9 comps) | quality 85 (tier-A 85) | liquidity 90 (zone-base 90) | upside 60 (zone-upside 60) | weights V0.35 Q0.25 L0.20 U0.20 → 62.9"
27,60.98,46.7,65,72,70,53.3,century21,738070,Amplio terreno premium a la venta con vista privilegiada,la-libertad,La Libertad,La Libertad,14163.53,"2.03 manzanas (14,164 m²)",790500.0,55.81,False,False,False,,0,https://www.century21elsalvador.com/propiedad/738070_amplio-terreno-premium-a-la-venta-con-vista-privilegiada/oficina_4942-century-21-el-salvador_local,"value 47 ($55.81/m² = 53th pct of la-libertad land, 15 comps) | quality 65 (tier-B 65) | liquidity 72 (zone-base 72) | upside 70 (zone-upside 70) | weights V0.35 Q0.25 L0.20 U0.20 → 61.0"
28,59.5,100.0,30,35,50,0.0,bienesraices,2300,"Finca de Café de Estricta Altura en Venta | 150 Manzanas en Tacuba, Ahuachapán",,,,1048344.0,150.00 manzanas (259.1 acres),495000.0,0.47,False,False,False,,0,https://bienesraicesenelsalvador.com/propiedad/finca-de-cafe-de-estricta-altura-en-venta-150-manzanas-en-tacuba-ahuachapan-2300,"value 100 ($0.47/m² = 0th pct of global land, 89 comps) | quality 30 (tier-? 30) | liquidity 35 (zone-base 35) | upside 50 (zone-upside 50) | weights V0.35 Q0.25 L0.20 U0.20 → 59.5"
29,59.11,98.9,30,35,50,1.1,century21,976159,Excelente Inversión: 183 manzanas de Terreno Agrícola en Tacuba con Alto Potencial de Rentabilidad,,,,1283207.0,183.60 manzanas (317.1 acres),1098000.0,0.86,False,False,False,,0,https://www.century21elsalvador.com/propiedad/976159_excelente-inversion-183-manzanas-de-terreno-agricola-en-tacuba-con-alto-potencial-de-rentabilidad/oficina_4942-century-21-el-salvador_local,"value 99 ($0.86/m² = 1th pct of global land, 89 comps) | quality 30 (tier-? 30) | liquidity 35 (zone-base 35) | upside 50 (zone-upside 50) | weights V0.35 Q0.25 L0.20 U0.20 → 59.1"
30,59.03,22.2,85,90,60,77.8,oceanside,13509,CERROMAR stage 3 lot #1,el-tunco,Tamanique,La Libertad,978.0,"978 m² (1,399 vrs²)",224000.0,229.04,False,False,False,51,1,https://oceansideelsalvador.com/rental-details/cerromar-stage-3-lot-1/,"value 22 ($229.04/m² = 77th pct of el-tunco land, 9 comps) | quality 85 (tier-A 85) | liquidity 90 (zone-base 90) | upside 60 (zone-upside 60) | weights V0.35 Q0.25 L0.20 U0.20 → 59.0"
31,58.65,40.0,65,72,70,60.0,bienesraices,2323,"Terreno de 1,095 v² en Huizúcar, La Libertad Este – Oportunidad con Cultivo de Café",la-libertad,La Libertad,La Libertad,765.29,"765 m² (1,095 vrs²)",47000.0,61.41,False,False,False,,0,https://bienesraicesenelsalvador.com/propiedad/terreno-de-1095-v2-en-huizucar-la-libertad-este-oportunidad-con-cultivo-de-cafe-2323,"value 40 ($61.41/m² = 60th pct of la-libertad land, 15 comps) | quality 65 (tier-B 65) | liquidity 72 (zone-base 72) | upside 70 (zone-upside 70) | weights V0.35 Q0.25 L0.20 U0.20 → 58.6"
32,58.32,96.6,30,35,50,3.4,bienesraices,2340,Venta de Hacienda en San Vicente | 215 Manzanas en Río Frío con Alto Potencial de Explotación,,,,1502626.4,215.00 manzanas (371.3 acres),1720000.0,1.14,False,False,False,,0,https://bienesraicesenelsalvador.com/propiedad/venta-de-hacienda-en-san-vicente-215-manzanas-en-rio-frio-con-alto-potencial-de-explotacion-2340,"value 97 ($1.14/m² = 3th pct of global land, 89 comps) | quality 30 (tier-? 30) | liquidity 35 (zone-base 35) | upside 50 (zone-upside 50) | weights V0.35 Q0.25 L0.20 U0.20 → 58.3"
33,58.08,16.7,85,90,65,83.3,oceanside,13735,LAND CLOSE TO SAN BLAS,el-zonte,Chiltiupán,La Libertad,480.0,480 m² (687 vrs²),225000.0,468.75,False,False,False,3,1,https://oceansideelsalvador.com/rental-details/land-close-to-san-blas/,"value 17 ($468.75/m² = 83th pct of el-zonte land, 6 comps) | quality 85 (tier-A 85) | liquidity 90 (zone-base 85, DOM 3d +5 fresh) | upside 65 (zone-upside 65) | weights V0.35 Q0.25 L0.20 U0.20 → 58.1"
34,57.93,95.5,30,35,50,4.5,remax,001464057016,Farm for sale in Jujutla-Ahuachapán,,,,34800.13,"4.98 manzanas (34,800 m²)",65000.0,1.87,False,False,False,,0,https://www.remax-elsalvador.com/001464057016,"value 96 ($1.87/m² = 4th pct of global land, 89 comps) | quality 30 (tier-? 30) | liquidity 35 (zone-base 35) | upside 50 (zone-upside 50) | weights V0.35 Q0.25 L0.20 U0.20 → 57.9"
35,57.65,35.0,68,72,70,,oceanside,12639,"Big Oceanview property at Teotepeque, La Libertad",la-libertad,La Libertad,La Libertad,243080.0,34.78 manzanas (60.1 acres),,,False,False,False,47,1,https://oceansideelsalvador.com/rental-details/huge-oceanview-property-at-teotepeque-la-libertad/,"value 35 (no $/m²) | quality 68 (tier-B 65, power +3) | liquidity 72 (zone-base 72) | upside 70 (zone-upside 70) | weights V0.35 Q0.25 L0.20 U0.20 → 57.6"
36,56.75,92.1,30,35,50,7.9,remax,002522430078,"1.75 acres inConcepción, North Cuscatlán",,,,22007.06,"3.15 manzanas (22,007 m²)",60000.0,2.73,False,False,False,,0,https://www.remax-elsalvador.com/002522430078,"value 92 ($2.73/m² = 7th pct of global land, 89 comps) | quality 30 (tier-? 30) | liquidity 35 (zone-base 35) | upside 50 (zone-upside 50) | weights V0.35 Q0.25 L0.20 U0.20 → 56.8"
37,56.4,35.0,75,52,75,,oceanside,11079,The Cliff: Where Luxury Meets the Ocean,la-libertad,La Libertad,La Libertad,,,5000.0,,True,False,False,336,1,https://oceansideelsalvador.com/rental-details/the-cliff-where-luxury-meets-the-ocean/,"value 35 (no $/m²) | quality 75 (tier-B 65, beachfront +10) | liquidity 52 (zone-base 72, DOM 336d -20) | upside 75 (zone-upside 70, beachfront +5) | weights V0.35 Q0.25 L0.20 U0.20 → 56.4"
38,56.35,91.0,30,35,50,9.0,century21,688998,"8 MANZANAS A LA VENTA EN SAN FRANCISCO GOTERA, MORAZAN.",,,,56000.0,8.01 manzanas (13.8 acres),175000.0,3.12,False,False,False,,0,https://www.century21elsalvador.com/propiedad/688998_8-manzanas-a-la-venta-en-san-francisco-gotera-morazan/oficina_4942-century-21-el-salvador_local,"value 91 ($3.12/m² = 8th pct of global land, 89 comps) | quality 30 (tier-? 30) | liquidity 35 (zone-base 35) | upside 50 (zone-upside 50) | weights V0.35 Q0.25 L0.20 U0.20 → 56.4"
39,56.2,25.0,65,68,88,75.0,remax,001462469040,Land for Sale in residential area in Juayua,las-flores,Intipucá,La Unión,3494.48,"3,494 m² (5,000 vrs²)",175000.0,50.08,False,False,False,,0,https://www.remax-elsalvador.com/001462469040,"value 25 ($50.08/m² = 75th pct of las-flores land, 4 comps) | quality 65 (tier-B 65) | liquidity 68 (zone-base 68) | upside 88 (zone-upside 88) | weights V0.35 Q0.25 L0.20 U0.20 → 56.2"
40,55.96,89.9,30,35,50,10.1,bienesraices,2309,Venta de 83 Manzanas Agrícolas en Acajutla | Cultivo de Caña y Sistema de Riego Propio,,,,580083.68,83.00 manzanas (143.3 acres),2241000.0,3.86,False,False,False,,0,https://bienesraicesenelsalvador.com/propiedad/venta-de-83-manzanas-agricolas-en-acajutla-cultivo-de-cana-y-sistema-de-riego-propio-2309,"value 90 ($3.86/m² = 10th pct of global land, 89 comps) | quality 30 (tier-? 30) | liquidity 35 (zone-base 35) | upside 50 (zone-upside 50) | weights V0.35 Q0.25 L0.20 U0.20 → 56.0"
41,55.17,87.6,30,35,50,12.4,remax,003093245045,"Land for Sale – Jiquilisco, Usulután, El Salvador",,,,1055332.96,151.00 manzanas (260.8 acres),4800000.0,4.55,False,False,False,,0,https://www.remax-elsalvador.com/003093245045,"value 88 ($4.55/m² = 12th pct of global land, 89 comps) | quality 30 (tier-? 30) | liquidity 35 (zone-base 35) | upside 50 (zone-upside 50) | weights V0.35 Q0.25 L0.20 U0.20 → 55.2"
42,55.14,11.1,85,90,60,88.9,goodlife,second-row-land-in-el-zonte-bitcoin-beach,"Investment Opportunity: Second-line Lot in El Zonte, Bitcoin Beach",el-tunco,Tamanique,La Libertad,2000.0,"2,000 m² (2,862 vrs²)",1200000.0,600.0,False,False,False,,0,https://goodlifeelsalvador.com/property-item/second-row-land-in-el-zonte-bitcoin-beach/,"value 11 ($600.00/m² = 88th pct of el-tunco land, 9 comps) | quality 85 (tier-A 85) | liquidity 90 (zone-base 90) | upside 60 (zone-upside 60) | weights V0.35 Q0.25 L0.20 U0.20 → 55.1"
43,54.78,86.5,30,35,50,13.5,remax,003284290010,GREAT INVESTMENT OPPORTUNITY IN SAN MIGUEL!,,,,910000.0,130.21 manzanas (224.9 acres),5057000.0,5.56,False,False,False,,0,https://www.remax-elsalvador.com/003284290010,"value 87 ($5.56/m² = 13th pct of global land, 89 comps) | quality 30 (tier-? 30) | liquidity 35 (zone-base 35) | upside 50 (zone-upside 50) | weights V0.35 Q0.25 L0.20 U0.20 → 54.8"
44,54.39,85.4,30,35,50,14.6,century21,1065393,"VENTA DE 4 MANZANAS CANTON ,TILAPA,CHALATENANGO CON MANANTIALES",,,,27046.0,"3.87 manzanas (27,046 m²)",250000.0,9.24,False,False,False,,0,https://www.century21elsalvador.com/propiedad/1065393_venta-de-4-manzanas-canton-tilapa-chalatenango-con-manantiales/oficina_4942-century-21-el-salvador_local,"value 85 ($9.24/m² = 14th pct of global land, 89 comps) | quality 30 (tier-? 30) | liquidity 35 (zone-base 35) | upside 50 (zone-upside 50) | weights V0.35 Q0.25 L0.20 U0.20 → 54.4"
45,54.32,33.3,65,62,70,66.7,oceanside,12706,Cangrejera Lots just a few steps from the beach,la-libertad,La Libertad,La Libertad,1012.8,"1,013 m² (1,449 vrs²)",120000.0,118.48,False,False,False,168,1,https://oceansideelsalvador.com/rental-details/cangrejera-lots-steps-from-the-beach/,"value 33 ($118.48/m² = 66th pct of la-libertad land, 15 comps) | quality 65 (tier-B 65) | liquidity 62 (zone-base 72, DOM 168d -10) | upside 70 (zone-upside 70) | weights V0.35 Q0.25 L0.20 U0.20 → 54.3"
46,53.98,26.7,65,72,70,73.3,century21,888678,LOTES RESIDENCIALES EL ENCANTO,la-libertad,La Libertad,La Libertad,1120.4,"1,120 m² (1,603 vrs²)",366900.0,327.47,False,False,False,,0,https://www.century21elsalvador.com/propiedad/888678_lotes-residenciales-el-encanto/oficina_4942-century-21-el-salvador_local,"value 27 ($327.47/m² = 73th pct of la-libertad land, 15 comps) | quality 65 (tier-B 65) | liquidity 72 (zone-base 72) | upside 70 (zone-upside 70) | weights V0.35 Q0.25 L0.20 U0.20 → 54.0"
47,53.21,82.0,30,35,50,18.0,bienesraices,2295,"Terreno en Venta Mejicanos | 128,130 v² en Avenida Montreal | Ideal para Desarrollo Comercial",,,,89550.05,12.81 manzanas (22.1 acres),1039282.51,11.61,False,False,False,,0,https://bienesraicesenelsalvador.com/propiedad/terreno-en-venta-mejicanos-128130-v2-en-avenida-montreal-ideal-para-desarrollo-comercial-2295,"value 82 ($11.61/m² = 17th pct of global land, 89 comps) | quality 30 (tier-? 30) | liquidity 35 (zone-base 35) | upside 50 (zone-upside 50) | weights V0.35 Q0.25 L0.20 U0.20 → 53.2"
48,52.81,80.9,30,35,50,19.1,century21,732758,Espectacular propiedad en la Carretera a La Puerta del Diablo,,,,16751.0,"2.40 manzanas (16,751 m²)",245000.0,14.63,False,False,False,,0,https://www.century21elsalvador.com/propiedad/732758_espectacular-propiedad-en-la-carretera-a-la-puerta-del-diablo/oficina_4942-century-21-el-salvador_local,"value 81 ($14.63/m² = 19th pct of global land, 89 comps) | quality 30 (tier-? 30) | liquidity 35 (zone-base 35) | upside 50 (zone-upside 50) | weights V0.35 Q0.25 L0.20 U0.20 → 52.8"
49,52.42,79.8,30,35,50,20.2,bienesraices,2339,"Venta de Terreno de 5,000 v² en San Salvador  Ideal para Quinta o Uso Agrícola",,,,3494.48,"3,494 m² (5,000 vrs²)",55000.0,15.74,False,False,False,,0,https://bienesraicesenelsalvador.com/propiedad/venta-de-terreno-de-5000-v2-en-san-salvador-ideal-para-quinta-o-uso-agricola-2339,"value 80 ($15.74/m² = 20th pct of global land, 89 comps) | quality 30 (tier-? 30) | liquidity 35 (zone-base 35) | upside 50 (zone-upside 50) | weights V0.35 Q0.25 L0.20 U0.20 → 52.4"
50,51.65,20.0,65,72,70,80.0,bienesraices,2305,Terreno Plano de 850 v² en Residencial Canarias | Puerto de La Libertad,la-libertad,La Libertad,La Libertad,594.06,594 m² (850 vrs²),198000.0,333.3,False,False,False,,0,https://bienesraicesenelsalvador.com/propiedad/terreno-plano-de-850-v2-en-residencial-canarias-puerto-de-la-libertad-2305,"value 20 ($333.30/m² = 80th pct of la-libertad land, 15 comps) | quality 65 (tier-B 65) | liquidity 72 (zone-base 72) | upside 70 (zone-upside 70) | weights V0.35 Q0.25 L0.20 U0.20 → 51.6"
51,50.85,75.3,30,35,50,24.7,bienesraices,2308,2 Manzanas con Vista al Lago de Coatepeque | Ruta al Cerro Verde: Ideal para Desarrollo Turístico,,,,13977.92,"2.00 manzanas (13,978 m²)",365000.0,26.11,False,False,False,,0,https://bienesraicesenelsalvador.com/propiedad/2-manzanas-con-vista-al-lago-de-coatepeque-ruta-al-cerro-verde-ideal-para-desarrollo-turistico-2308,"value 75 ($26.11/m² = 24th pct of global land, 89 comps) | quality 30 (tier-? 30) | liquidity 35 (zone-base 35) | upside 50 (zone-upside 50) | weights V0.35 Q0.25 L0.20 U0.20 → 50.9"
52,50.46,74.2,30,35,50,25.8,remax,003063760008,"Land for Sale – Cantón Plan del Pino, Ciudad Delgado, Department of San Salvador",,,,4604.33,"4,604 m² (6,588 vrs²)",195000.0,42.35,False,False,False,,0,https://www.remax-elsalvador.com/003063760008,"value 74 ($42.35/m² = 25th pct of global land, 89 comps) | quality 30 (tier-? 30) | liquidity 35 (zone-base 35) | upside 50 (zone-upside 50) | weights V0.35 Q0.25 L0.20 U0.20 → 50.5"
53,50.06,73.0,30,35,50,27.0,bienesraices,2319,"Terreno en Venta Isla Madresal | Bahía de Jiquilisco: 5,000 v² Ideal para Inversión Turística",,,,3196.72,"3,197 m² (4,574 vrs²)",137220.0,42.93,False,False,False,,0,https://bienesraicesenelsalvador.com/propiedad/terreno-en-venta-isla-madresal-bahia-de-jiquilisco-5000-v2-ideal-para-inversion-turistica-2319,"value 73 ($42.93/m² = 26th pct of global land, 89 comps) | quality 30 (tier-? 30) | liquidity 35 (zone-base 35) | upside 50 (zone-upside 50) | weights V0.35 Q0.25 L0.20 U0.20 → 50.1"
54,49.32,13.3,65,72,70,86.7,goodlife,land-in-complejo-el-mirador-surf-city-1,"Land in Complejo El Mirador, Surf City 1",la-libertad,La Libertad,La Libertad,514.6,515 m² (736 vrs²),250000.0,485.81,False,False,False,,0,https://goodlifeelsalvador.com/property-item/land-in-complejo-el-mirador-surf-city-1/,"value 13 ($485.81/m² = 86th pct of la-libertad land, 15 comps) | quality 65 (tier-B 65) | liquidity 72 (zone-base 72) | upside 70 (zone-upside 70) | weights V0.35 Q0.25 L0.20 U0.20 → 49.3"
55,47.31,65.2,30,35,50,34.8,remax,003094070005,Land for Sale on the Litoral Highway Near Costa del Sol | 822 m² Flat | Residential or Commercial Use,,,,822.25,"822 m² (1,176 vrs²)",52000.0,63.24,False,False,False,,0,https://www.remax-elsalvador.com/003094070005,"value 65 ($63.24/m² = 34th pct of global land, 89 comps) | quality 30 (tier-? 30) | liquidity 35 (zone-base 35) | upside 50 (zone-upside 50) | weights V0.35 Q0.25 L0.20 U0.20 → 47.3"
56,46.98,6.7,65,72,70,93.3,bienesraices,2292,"Venta de Lotes con Vista al Mar en San Blas Hill | La Libertad, El Salvador",la-libertad,La Libertad,La Libertad,200.0,200 m² (286 vrs²),100000.0,500.01,False,False,False,,0,https://bienesraicesenelsalvador.com/propiedad/venta-de-lotes-con-vista-al-mar-en-san-blas-hill-la-libertad-el-salvador-2292,"value 7 ($500.01/m² = 93th pct of la-libertad land, 15 comps) | quality 65 (tier-B 65) | liquidity 72 (zone-base 72) | upside 70 (zone-upside 70) | weights V0.35 Q0.25 L0.20 U0.20 → 47.0"
57,46.92,64.0,30,35,50,36.0,bienesraices,2303,"Terreno de 2,500 v² con Vista Espectacular al Lago de Coatepeque | Cantón Flor Amarilla",,,,1747.24,"1,747 m² (2,500 vrs²)",135000.0,77.26,False,False,False,,0,https://bienesraicesenelsalvador.com/propiedad/terreno-de-2500-v2-con-vista-espectacular-al-lago-de-coatepeque-canton-flor-amarilla-2303,"value 64 ($77.26/m² = 35th pct of global land, 89 comps) | quality 30 (tier-? 30) | liquidity 35 (zone-base 35) | upside 50 (zone-upside 50) | weights V0.35 Q0.25 L0.20 U0.20 → 46.9"
58,46.52,62.9,30,35,50,37.1,bienesraices,2298,Terreno de 2 Manzanas en Lago de Ilopango | Ideal para Hotel o Desarrollo Turístico,,,,13977.92,"2.00 manzanas (13,978 m²)",1100000.0,78.7,False,False,False,,0,https://bienesraicesenelsalvador.com/propiedad/terreno-de-2-manzanas-en-lago-de-ilopango-ideal-para-hotel-o-desarrollo-turistico-2298,"value 63 ($78.70/m² = 37th pct of global land, 89 comps) | quality 30 (tier-? 30) | liquidity 35 (zone-base 35) | upside 50 (zone-upside 50) | weights V0.35 Q0.25 L0.20 U0.20 → 46.5"
59,46.13,61.8,30,35,50,38.2,century21,629260,"Gran Oportunidad, Terreno a la venta con hermosa cabaña a estrenar en Montañas de Juayúa",,,,1500.0,"1,500 m² (2,146 vrs²)",135000.0,90.0,False,False,False,,0,https://www.century21elsalvador.com/propiedad/629260_gran-oportunidad-terreno-a-la-venta-con-hermosa-cabana-a-estrenar-en-montanas-de-juayua/oficina_4942-century-21-el-salvador_local,"value 62 ($90.00/m² = 38th pct of global land, 89 comps) | quality 30 (tier-? 30) | liquidity 35 (zone-base 35) | upside 50 (zone-upside 50) | weights V0.35 Q0.25 L0.20 U0.20 → 46.1"
60,45.74,60.7,30,35,50,39.3,goodlife,vacant-lot-in-santa-ana,"Vacant lot in Santa Ana, $450,000",,,,4858.83,"4,859 m² (6,952 vrs²)",450000.0,92.61,False,False,False,,0,https://goodlifeelsalvador.com/property-item/vacant-lot-in-santa-ana/,"value 61 ($92.61/m² = 39th pct of global land, 89 comps) | quality 30 (tier-? 30) | liquidity 35 (zone-base 35) | upside 50 (zone-upside 50) | weights V0.35 Q0.25 L0.20 U0.20 → 45.7"
61,45.34,59.6,30,35,50,40.4,bienesraices,2338,"Venta de Terreno con Casa en Troncal del Norte, Chalatenango | Ideal para Comercio o Vivienda",,,,1120.33,"1,120 m² (1,603 vrs²)",105000.0,93.72,False,False,False,,0,https://bienesraicesenelsalvador.com/propiedad/venta-de-terreno-con-casa-en-troncal-del-norte-chalatenango-ideal-para-comercio-o-vivienda-2338,"value 60 ($93.72/m² = 40th pct of global land, 89 comps) | quality 30 (tier-? 30) | liquidity 35 (zone-base 35) | upside 50 (zone-upside 50) | weights V0.35 Q0.25 L0.20 U0.20 → 45.3"
62,44.56,57.3,30,35,50,42.7,goodlife,house-land-at-ilopango-lake,House / Land at Ilopango Lake,,,,13898.94,"1.99 manzanas (13,899 m²)",1425000.0,102.53,False,False,False,,0,https://goodlifeelsalvador.com/property-item/house-land-at-ilopango-lake/,"value 57 ($102.53/m² = 42th pct of global land, 89 comps) | quality 30 (tier-? 30) | liquidity 35 (zone-base 35) | upside 50 (zone-upside 50) | weights V0.35 Q0.25 L0.20 U0.20 → 44.6"
63,44.16,56.2,30,35,50,43.8,bienesraices,2294,"Terreno en Venta en Mejicanos | 7,230 v² | Ubicación Estratégica en Lotificación Montreal",,,,5053.26,"5,053 m² (7,230 vrs²)",527092.51,104.31,False,False,False,,0,https://bienesraicesenelsalvador.com/propiedad/terreno-en-venta-en-mejicanos-7230-v2-ubicacion-estrategica-en-lotificacion-montreal-2294,"value 56 ($104.31/m² = 43th pct of global land, 89 comps) | quality 30 (tier-? 30) | liquidity 35 (zone-base 35) | upside 50 (zone-upside 50) | weights V0.35 Q0.25 L0.20 U0.20 → 44.2"
64,43.77,55.1,30,35,50,44.9,remax,001463594047,Land for sale at Costa del Sol Beach,,,,22194.63,"3.18 manzanas (22,195 m²)",2400000.0,108.13,False,False,False,,0,https://www.remax-elsalvador.com/001463594047,"value 55 ($108.13/m² = 44th pct of global land, 89 comps) | quality 30 (tier-? 30) | liquidity 35 (zone-base 35) | upside 50 (zone-upside 50) | weights V0.35 Q0.25 L0.20 U0.20 → 43.8"
65,42.2,50.6,30,35,50,49.4,remax,002874022010,SALE LOT AYUTUXTEPEQUE,,,,200.0,200 m² (286 vrs²),33000.0,165.0,False,False,False,,0,https://www.remax-elsalvador.com/002874022010,"value 51 ($165.00/m² = 49th pct of global land, 89 comps) | quality 30 (tier-? 30) | liquidity 35 (zone-base 35) | upside 50 (zone-upside 50) | weights V0.35 Q0.25 L0.20 U0.20 → 42.2"
66,41.41,48.3,30,35,50,51.7,bienesraices,2316,"Terreno Comercial de 6,977 v² en Santa Ana | A 200m de Las Ramblas | 100% Plano",,,,4876.2,"4,876 m² (6,977 vrs²)",872125.0,178.85,False,False,False,,0,https://bienesraicesenelsalvador.com/propiedad/terreno-comercial-de-6977-v2-en-santa-ana-a-200m-de-las-ramblas-100-plano-2316,"value 48 ($178.85/m² = 51th pct of global land, 89 comps) | quality 30 (tier-? 30) | liquidity 35 (zone-base 35) | upside 50 (zone-upside 50) | weights V0.35 Q0.25 L0.20 U0.20 → 41.4"
67,40.62,46.1,30,35,50,53.9,bienesraices,2334,"Oportunidad Estratégica en Soyapango: Extenso Terreno de 5,000 V2 con Construcción en Obra Gris",,,,5000.0,"5,000 m² (7,154 vrs²)",990000.0,198.0,False,False,False,,0,https://bienesraicesenelsalvador.com/propiedad/oportunidad-estrategica-en-soyapango-extenso-terreno-de-5000-v2-con-construccion-en-obra-gris-2334,"value 46 ($198.00/m² = 53th pct of global land, 89 comps) | quality 30 (tier-? 30) | liquidity 35 (zone-base 35) | upside 50 (zone-upside 50) | weights V0.35 Q0.25 L0.20 U0.20 → 40.6"
68,39.05,41.6,30,35,50,58.4,century21,940116,¡Terreno Exclusivo en Cantón El Carmen y Excelente Ubicación en San Salvador!,,,,1499.79,"1,500 m² (2,146 vrs²)",321885.0,214.62,False,False,False,,0,https://www.century21elsalvador.com/propiedad/940116_terreno-exclusivo-en-canton-el-carmen-y-excelente-ubicacion-en-san-salvador/oficina_4942-century-21-el-salvador_local,"value 42 ($214.62/m² = 58th pct of global land, 89 comps) | quality 30 (tier-? 30) | liquidity 35 (zone-base 35) | upside 50 (zone-upside 50) | weights V0.35 Q0.25 L0.20 U0.20 → 39.0"
69,37.48,37.1,30,35,50,62.9,century21,669347,Lotes urbanizados en Chalchuapa (precio de introducción),,,,132.5,132 m² (190 vrs²),32465.57,245.02,False,False,False,,0,https://www.century21elsalvador.com/propiedad/669347_lotes-urbanizados-en-chalchuapa-precio-de-introduccion/oficina_4942-century-21-el-salvador_local,"value 37 ($245.02/m² = 62th pct of global land, 89 comps) | quality 30 (tier-? 30) | liquidity 35 (zone-base 35) | upside 50 (zone-upside 50) | weights V0.35 Q0.25 L0.20 U0.20 → 37.5"
70,37.08,36.0,30,35,50,64.0,century21,669346,Lotes urbanizados en Chalchuapa (precio de introducción),,,,133.6,134 m² (191 vrs²),33046.47,247.35,False,False,False,,0,https://www.century21elsalvador.com/propiedad/669346_lotes-urbanizados-en-chalchuapa-precio-de-introduccion/oficina_4942-century-21-el-salvador_local,"value 36 ($247.35/m² = 64th pct of global land, 89 comps) | quality 30 (tier-? 30) | liquidity 35 (zone-base 35) | upside 50 (zone-upside 50) | weights V0.35 Q0.25 L0.20 U0.20 → 37.1"
71,36.75,35.0,30,35,50,,goodlife,beautiful-new-modern-house-in-costa-del-sol,"3 Villas Complex in Costa del Sol, $1,200,000",,,,,,1200000.0,,False,False,False,,0,https://goodlifeelsalvador.com/property-item/beautiful-new-modern-house-in-costa-del-sol/,value 35 (no $/m²) | quality 30 (tier-? 30) | liquidity 35 (zone-base 35) | upside 50 (zone-upside 50) | weights V0.35 Q0.25 L0.20 U0.20 → 36.8
72,36.69,34.8,30,35,50,65.2,century21,668974,Lotes urbanizados en Chalchuapa (precio de introducción),,,,135.21,135 m² (193 vrs²),33855.33,250.39,False,False,False,,0,https://www.century21elsalvador.com/propiedad/668974_lotes-urbanizados-en-chalchuapa-precio-de-introduccion/oficina_4942-century-21-el-salvador_local,"value 35 ($250.39/m² = 65th pct of global land, 89 comps) | quality 30 (tier-? 30) | liquidity 35 (zone-base 35) | upside 50 (zone-upside 50) | weights V0.35 Q0.25 L0.20 U0.20 → 36.7"
73,36.3,33.7,30,35,50,66.3,century21,669350,Lotes urbanizados en Chalchuapa (precio de introducción),,,,140.0,140 m² (200 vrs²),35638.01,254.56,False,False,False,,0,https://www.century21elsalvador.com/propiedad/669350_lotes-urbanizados-en-chalchuapa-precio-de-introduccion/oficina_4942-century-21-el-salvador_local,"value 34 ($254.56/m² = 66th pct of global land, 89 comps) | quality 30 (tier-? 30) | liquidity 35 (zone-base 35) | upside 50 (zone-upside 50) | weights V0.35 Q0.25 L0.20 U0.20 → 36.3"
74,35.9,32.6,30,35,50,67.4,century21,669349,Lotes urbanizados en Chalchuapa (precio de introducción),,,,140.16,140 m² (201 vrs²),35925.96,256.32,False,False,False,,0,https://www.century21elsalvador.com/propiedad/669349_lotes-urbanizados-en-chalchuapa-precio-de-introduccion/oficina_4942-century-21-el-salvador_local,"value 33 ($256.32/m² = 67th pct of global land, 89 comps) | quality 30 (tier-? 30) | liquidity 35 (zone-base 35) | upside 50 (zone-upside 50) | weights V0.35 Q0.25 L0.20 U0.20 → 35.9"
75,35.51,31.5,30,35,50,68.5,remax,002682423225,"LAND FOR SALE, ALDEA SAN ANTONIO, SANTA ANA",,,,1155.68,"1,156 m² (1,654 vrs²)",315000.0,272.57,False,False,False,,0,https://www.remax-elsalvador.com/002682423225,"value 31 ($272.57/m² = 68th pct of global land, 89 comps) | quality 30 (tier-? 30) | liquidity 35 (zone-base 35) | upside 50 (zone-upside 50) | weights V0.35 Q0.25 L0.20 U0.20 → 35.5"
76,35.12,30.3,30,35,50,69.7,bienesraices,2311,"Terreno Industrial y Urbano de 3,000 v² en Soyapango | A 2 min del Bulevar del Ejército",,,,2096.69,"2,097 m² (3,000 vrs²)",575000.0,274.24,False,False,False,,0,https://bienesraicesenelsalvador.com/propiedad/terreno-industrial-y-urbano-de-3000-v2-en-soyapango-a-2-min-del-bulevar-del-ejercito-2311,"value 30 ($274.24/m² = 69th pct of global land, 89 comps) | quality 30 (tier-? 30) | liquidity 35 (zone-base 35) | upside 50 (zone-upside 50) | weights V0.35 Q0.25 L0.20 U0.20 → 35.1"
77,34.72,29.2,30,35,50,70.8,bienesraices,2317,"Terreno de Playa en Venta | Barra de Santiago, Ahuachapán | Segunda Fila y Muro Perimetral",,,,503.99,504 m² (721 vrs²),139000.0,275.8,False,False,False,,0,https://bienesraicesenelsalvador.com/propiedad/terreno-de-playa-en-venta-barra-de-santiago-ahuachapan-segunda-fila-y-muro-perimetral-2317,"value 29 ($275.80/m² = 70th pct of global land, 89 comps) | quality 30 (tier-? 30) | liquidity 35 (zone-base 35) | upside 50 (zone-upside 50) | weights V0.35 Q0.25 L0.20 U0.20 → 34.7"
78,34.33,28.1,30,35,50,71.9,remax,001464217034,FOR SALE SAN CARLOS COUNTRY PROJECT IN SANTA ANA,,,,400.87,401 m² (574 vrs²),129052.0,321.93,False,False,False,,0,https://www.remax-elsalvador.com/001464217034,"value 28 ($321.93/m² = 71th pct of global land, 89 comps) | quality 30 (tier-? 30) | liquidity 35 (zone-base 35) | upside 50 (zone-upside 50) | weights V0.35 Q0.25 L0.20 U0.20 → 34.3"
79,34.33,28.1,30,35,50,71.9,remax,001464217031,FOR SALE SAN CARLOS COUNTRY PROJECT IN SANTA ANA,,,,335.47,335 m² (480 vrs²),107999.0,321.93,False,False,False,,0,https://www.remax-elsalvador.com/001464217031,"value 28 ($321.93/m² = 71th pct of global land, 89 comps) | quality 30 (tier-? 30) | liquidity 35 (zone-base 35) | upside 50 (zone-upside 50) | weights V0.35 Q0.25 L0.20 U0.20 → 34.3"
80,34.33,28.1,30,35,50,71.9,remax,001464217029,FOR SALE SAN CARLOS COUNTRY PROJECT IN SANTA ANA,,,,360.07,360 m² (515 vrs²),115919.0,321.93,False,False,False,,0,https://www.remax-elsalvador.com/001464217029,"value 28 ($321.93/m² = 71th pct of global land, 89 comps) | quality 30 (tier-? 30) | liquidity 35 (zone-base 35) | upside 50 (zone-upside 50) | weights V0.35 Q0.25 L0.20 U0.20 → 34.3"
81,34.33,28.1,30,35,50,71.9,remax,001464217025,FOR SALE SAN CARLOS COUNTRY PROJECT IN SANTA ANA,,,,349.45,349 m² (500 vrs²),112499.0,321.93,False,False,False,,0,https://www.remax-elsalvador.com/001464217025,"value 28 ($321.93/m² = 71th pct of global land, 89 comps) | quality 30 (tier-? 30) | liquidity 35 (zone-base 35) | upside 50 (zone-upside 50) | weights V0.35 Q0.25 L0.20 U0.20 → 34.3"
82,34.33,28.1,30,35,50,71.9,remax,001464217024,FOR SALE SAN CARLOS COUNTRY PROJECT IN SANTA ANA,,,,349.45,349 m² (500 vrs²),112499.0,321.93,False,False,False,,0,https://www.remax-elsalvador.com/001464217024,"value 28 ($321.93/m² = 71th pct of global land, 89 comps) | quality 30 (tier-? 30) | liquidity 35 (zone-base 35) | upside 50 (zone-upside 50) | weights V0.35 Q0.25 L0.20 U0.20 → 34.3"
83,34.33,28.1,30,35,50,71.9,remax,001464217023,FOR SALE SAN CARLOS COUNTRY PROJECT IN SANTA ANA,,,,335.47,335 m² (480 vrs²),107999.0,321.93,False,False,False,,0,https://www.remax-elsalvador.com/001464217023,"value 28 ($321.93/m² = 71th pct of global land, 89 comps) | quality 30 (tier-? 30) | liquidity 35 (zone-base 35) | upside 50 (zone-upside 50) | weights V0.35 Q0.25 L0.20 U0.20 → 34.3"
84,34.33,28.1,30,35,50,71.9,remax,001464217022,FOR SALE SAN CARLOS COUNTRY PROJECT IN SANTA ANA,,,,350.03,350 m² (501 vrs²),112685.82,321.93,False,False,False,,0,https://www.remax-elsalvador.com/001464217022,"value 28 ($321.93/m² = 71th pct of global land, 89 comps) | quality 30 (tier-? 30) | liquidity 35 (zone-base 35) | upside 50 (zone-upside 50) | weights V0.35 Q0.25 L0.20 U0.20 → 34.3"
85,31.58,20.2,30,35,50,79.8,remax,001464217036,FOR SALE SAN CARLOS COUNTRY PROJECT IN SANTA ANA,,,,336.55,337 m² (482 vrs²),108349.0,321.94,False,False,False,,0,https://www.remax-elsalvador.com/001464217036,"value 20 ($321.94/m² = 79th pct of global land, 89 comps) | quality 30 (tier-? 30) | liquidity 35 (zone-base 35) | upside 50 (zone-upside 50) | weights V0.35 Q0.25 L0.20 U0.20 → 31.6"
86,31.58,20.2,30,35,50,79.8,remax,001464217035,FOR SALE SAN CARLOS COUNTRY PROJECT IN SANTA ANA,,,,254.87,255 m² (365 vrs²),82053.0,321.94,False,False,False,,0,https://www.remax-elsalvador.com/001464217035,"value 20 ($321.94/m² = 79th pct of global land, 89 comps) | quality 30 (tier-? 30) | liquidity 35 (zone-base 35) | upside 50 (zone-upside 50) | weights V0.35 Q0.25 L0.20 U0.20 → 31.6"
87,31.58,20.2,30,35,50,79.8,remax,001464217033,FOR SALE SAN CARLOS COUNTRY PROJECT IN SANTA ANA,,,,365.97,366 m² (524 vrs²),117819.0,321.94,False,False,False,,0,https://www.remax-elsalvador.com/001464217033,"value 20 ($321.94/m² = 79th pct of global land, 89 comps) | quality 30 (tier-? 30) | liquidity 35 (zone-base 35) | upside 50 (zone-upside 50) | weights V0.35 Q0.25 L0.20 U0.20 → 31.6"
88,31.58,20.2,30,35,50,79.8,remax,001464217032,FOR SALE SAN CARLOS COUNTRY PROJECT IN SANTA ANA,,,,364.65,365 m² (522 vrs²),117394.0,321.94,False,False,False,,0,https://www.remax-elsalvador.com/001464217032,"value 20 ($321.94/m² = 79th pct of global land, 89 comps) | quality 30 (tier-? 30) | liquidity 35 (zone-base 35) | upside 50 (zone-upside 50) | weights V0.35 Q0.25 L0.20 U0.20 → 31.6"
89,31.58,20.2,30,35,50,79.8,remax,001464217030,FOR SALE SAN CARLOS COUNTRY PROJECT IN SANTA ANA,,,,335.88,336 m² (481 vrs²),108131.0,321.94,False,False,False,,0,https://www.remax-elsalvador.com/001464217030,"value 20 ($321.94/m² = 79th pct of global land, 89 comps) | quality 30 (tier-? 30) | liquidity 35 (zone-base 35) | upside 50 (zone-upside 50) | weights V0.35 Q0.25 L0.20 U0.20 → 31.6"
90,31.58,20.2,30,35,50,79.8,remax,001464217028,FOR SALE SAN CARLOS COUNTRY PROJECT IN SANTA ANA,,,,354.56,355 m² (507 vrs²),114145.0,321.94,False,False,False,,0,https://www.remax-elsalvador.com/001464217028,"value 20 ($321.94/m² = 79th pct of global land, 89 comps) | quality 30 (tier-? 30) | liquidity 35 (zone-base 35) | upside 50 (zone-upside 50) | weights V0.35 Q0.25 L0.20 U0.20 → 31.6"
91,31.58,20.2,30,35,50,79.8,remax,001464217027,FOR SALE SAN CARLOS COUNTRY PROJECT IN SANTA ANA,,,,259.74,260 m² (372 vrs²),83619.0,321.94,False,False,False,,0,https://www.remax-elsalvador.com/001464217027,"value 20 ($321.94/m² = 79th pct of global land, 89 comps) | quality 30 (tier-? 30) | liquidity 35 (zone-base 35) | upside 50 (zone-upside 50) | weights V0.35 Q0.25 L0.20 U0.20 → 31.6"
92,31.58,20.2,30,35,50,79.8,remax,001464217026,FOR SALE SAN CARLOS COUNTRY PROJECT IN SANTA ANA,,,,348.99,349 m² (499 vrs²),112354.0,321.94,False,False,False,,0,https://www.remax-elsalvador.com/001464217026,"value 20 ($321.94/m² = 79th pct of global land, 89 comps) | quality 30 (tier-? 30) | liquidity 35 (zone-base 35) | upside 50 (zone-upside 50) | weights V0.35 Q0.25 L0.20 U0.20 → 31.6"
93,27.25,7.9,30,35,50,92.1,remax,002282685115,Lot for sale in the Quintas de San Emilio - Pasaje Kriete,,,,399.99,400 m² (572 vrs²),155000.0,387.51,False,False,False,,0,https://www.remax-elsalvador.com/002282685115,"value 8 ($387.51/m² = 92th pct of global land, 89 comps) | quality 30 (tier-? 30) | liquidity 35 (zone-base 35) | upside 50 (zone-upside 50) | weights V0.35 Q0.25 L0.20 U0.20 → 27.2"
94,26.86,6.7,30,35,50,93.3,bienesraices,2293,"Terreno en Venta Cumbres de la Escalón | 2,453 v² Ideal para Edificio de Apartamentos",,,,1714.94,"1,715 m² (2,454 vrs²)",680000.0,396.51,False,False,False,,0,https://bienesraicesenelsalvador.com/propiedad/terreno-en-venta-cumbres-de-la-escalon-2453-v2-ideal-para-edificio-de-apartamentos-2293,"value 7 ($396.51/m² = 93th pct of global land, 89 comps) | quality 30 (tier-? 30) | liquidity 35 (zone-base 35) | upside 50 (zone-upside 50) | weights V0.35 Q0.25 L0.20 U0.20 → 26.9"
95,25.29,2.2,30,35,50,97.8,remax,001461172171,Land for Sale in Residencial Villa Bosque,,,,728.95,"729 m² (1,043 vrs²)",365000.0,500.72,False,False,False,,0,https://www.remax-elsalvador.com/001461172171,"value 2 ($500.72/m² = 97th pct of global land, 89 comps) | quality 30 (tier-? 30) | liquidity 35 (zone-base 35) | upside 50 (zone-upside 50) | weights V0.35 Q0.25 L0.20 U0.20 → 25.3"
